question,answer
تو براي چه چيزي ساخته شده اي؟,دوست عزيز من بنده مشاهير جي پي تي هستم و براي اين ساخته شده ام تا تعدادي از سوالات پژوهش گران را پاسخ بدهم من فعلا ورژن پايه اي هستم و قادرم به کمي از سوالات شما پاسخ دهم
من کي هستم؟,شما موجودي هستيد به نام انسان که در کره ي زمين زندگي ميکنيم
اسمت چيست؟,سلام خوشحالم از ديدن شما اسم من مشاهير جي پي تي است که توسط علي جعفري توسعه داده شده ام
چه روش‌هایی برای پیش‌بینی بیماری‌های قلبی وجود دارند؟,از روش‌هایی مانند یادگیری ماشین، تحلیل داده‌های بالینی و تصویربرداری پزشکی می‌توان برای پیش‌بینی بیماری‌های قلبی استفاده کرد.
چه عواملی بر تغییرات اقلیمی تأثیر دارند؟,عوامل انسانی مانند انتشار گازهای گلخانه‌ای، تغییرات در پوشش زمین، و فعالیت‌های صنعتی از جمله مهم‌ترین عوامل تغییرات اقلیمی هستند.
هوش مصنوعی چگونه در تشخیص سرطان کمک می‌کند؟,الگوریتم‌های یادگیری عمیق و شبکه‌های عصبی می‌توانند با تحلیل تصاویر پزشکی، نشانه‌های سرطان را شناسایی کنند.
بهترین روش‌های استخراج داده از متون چیست؟,روش‌هایی مانند تحلیل معنایی، مدل‌های پردازش زبان طبیعی (NLP) و استخراج ویژگی‌ها از متون برای تحلیل و دسته‌بندی آن‌ها استفاده می‌شود.
چگونه می‌توان هوش مصنوعی را در آموزش استفاده کرد؟,هوش مصنوعی می‌تواند با ایجاد سیستم‌های یادگیری شخصی‌سازی شده و تجزیه و تحلیل داده‌های دانش‌آموزان در فرآیند آموزش استفاده شود.
چه تفاوتی بین یادگیری نظارت‌شده و یادگیری بدون نظارت است؟,در یادگیری نظارت‌شده از داده‌های برچسب‌دار استفاده می‌شود، در حالی که در یادگیری بدون نظارت از داده‌های بدون برچسب برای کشف الگوها استفاده می‌شود.
اثرات منفی استفاده از اینترنت بر سلامت روان چیست؟,استفاده بیش از حد از اینترنت می‌تواند منجر به اضطراب، افسردگی و انزوای اجتماعی شود.
چرا تغییرات ژنتیکی بر بیماری‌ها تأثیرگذارند؟,تغییرات در DNA می‌تواند باعث اختلال در عملکرد سلولی شود که به بروز بیماری‌ها منجر می‌شود.
مدل‌های پیش‌بینی در کشاورزی چگونه عمل می‌کنند؟,مدل‌های پیش‌بینی می‌توانند برای پیش‌بینی شرایط آب و هوایی، آفات و بیماری‌های گیاهی استفاده شوند.
چگونه می‌توان از داده‌های بزرگ برای پیش‌بینی بازار استفاده کرد؟,با استفاده از الگوریتم‌های یادگیری ماشین و تحلیل داده‌های تاریخی بازار می‌توان روندهای بازار را پیش‌بینی کرد.
هوش مصنوعی چه تأثیری بر صنعت خودروسازی دارد؟,از هوش مصنوعی برای توسعه خودروهای خودران، بهینه‌سازی تولید و پیش‌بینی نیازهای بازار استفاده می‌شود.
چه فناوری‌هایی در بخش بهداشت و درمان در حال توسعه هستند؟,فناوری‌هایی مانند ربات‌های جراحی، دقت تصویربرداری پزشکی، و سیستم‌های پشتیبانی تصمیم‌گیری مبتنی بر هوش مصنوعی در حال توسعه هستند.
چگونه می‌توان بر تغییرات جمعیتی پیش‌بینی کرد؟,مدل‌های جمعیتی با تحلیل روندهای تاریخی و عوامل اقتصادی و اجتماعی می‌توانند پیش‌بینی‌هایی در این زمینه انجام دهند.
چگونه از پردازش زبان طبیعی برای تحلیل احساسات استفاده می‌شود؟,با استفاده از مدل‌های NLP می‌توان احساسات و تمایلات کاربران را از داده‌های متنی استخراج کرد.
تغییرات محیط زیست چگونه بر سلامت انسان تأثیر می‌گذارد؟,آلودگی هوا، تغییرات دما، و کاهش منابع طبیعی می‌توانند باعث بروز بیماری‌های تنفسی، قلبی و دیگر مشکلات سلامت شوند.
چگونه می‌توان از مدل‌های یادگیری ماشین در پیش‌بینی بیماری‌های همه‌گیر استفاده کرد؟,مدل‌های یادگیری ماشین می‌توانند با تحلیل داده‌های پزشکی و اپیدمیولوژیک روندهای گسترش بیماری‌ها را پیش‌بینی کنند.
چه تکنیک‌هایی برای جلوگیری از تقلب در تحقیقات علمی وجود دارند؟,استفاده از سیستم‌های تشخیص سرقت ادبی، پیگیری داده‌های تحقیقاتی و تدوین استانداردهای علمی از جمله تکنیک‌های پیشگیری از تقلب هستند.
چگونه می‌توان مدل‌های ریاضی را برای پیش‌بینی بحران‌های طبیعی به کار برد؟,مدل‌های ریاضی با تحلیل داده‌های مربوط به زلزله، طوفان و دیگر پدیده‌های طبیعی می‌توانند پیش‌بینی‌هایی در مورد وقوع بحران‌ها ارائه دهند.
چگونه می‌توان به کمک هوش مصنوعی به کشاورزی پایدار دست یافت؟,با استفاده از هوش مصنوعی می‌توان به بهینه‌سازی مصرف آب، پیش‌بینی آفات و بیماری‌ها، و کاهش مصرف سموم کشاورزی کمک کرد.
چه نقش‌هایی برای داده‌های عمومی در تصمیم‌گیری‌های شهری وجود دارد؟,داده‌های عمومی می‌توانند به بهبود خدمات عمومی، کاهش ترافیک، و مدیریت منابع شهری کمک کنند.
کاربردهای رباتیک در صنایع تولیدی چیست؟,رباتیک می‌تواند در فرآیندهای تولید، حمل و نقل، بسته‌بندی و کنترل کیفیت در صنایع تولیدی مورد استفاده قرار گیرد.
چگونه می‌توان تغییرات رفتاری در مصرف‌کنندگان را پیش‌بینی کرد؟,با استفاده از داده‌های خرید و رفتارهای آنلاین مصرف‌کنندگان می‌توان تغییرات رفتاری آنها را پیش‌بینی کرد.
مدل‌های یادگیری ماشین در پزشکی چگونه از آنالیز داده‌های ژنتیکی استفاده می‌کنند؟,این مدل‌ها می‌توانند ارتباطات میان تغییرات ژنتیکی و بیماری‌ها را تحلیل کرده و به تشخیص دقیق‌تر کمک کنند.
روش‌های نوین برای مدیریت بحران در مناطق زلزله‌خیز چیست؟,استفاده از مدل‌های پیش‌بینی، شبیه‌سازی‌ها و سیستم‌های مدیریت بحران می‌تواند در کاهش آسیب‌ها مؤثر باشد.
